vendor,url
AMAZON,https://www.amazon.in/Power-Your-Subconscious-Mind-Success/dp/8172345666
AMAZON,https://www.amazon.in/Atomic-Habits-James-Clear/dp/1847941834
AMAZON,https://www.amazon.in/Same-As-Ever-Timeless-Opportunity/dp/1804090948
AMAZON,https://www.amazon.in/Anxious-Overthinking-Present-Transform-Superpower/dp/936411910X
AMAZON,https://www.amazon.in/bestselling-romantic-enemies-romance-Bestselling/dp/9395192747
AMAZON,https://www.amazon.in/Something-I-Never-Told-You/dp/0143445901
AMAZON,https://www.amazon.in/Good-Girls-Guide-Murder/dp/1405293187
AMAZON,https://www.amazon.in/Ragpicker-King-Chronicles-Castellane/dp/1529001447
AMAZON,https://www.amazon.in/That-Night-Friends-Haunting-Secret/dp/0143451871
AMAZON,https://www.amazon.in/Housemaid-addictive-psychological-thriller-mind-bending/dp/014346115X
AMAZON,https://www.amazon.in/Paperback-Transformation-Friendship-Teenagers-Storybooks/dp/9362632888
AMAZON,https://www.amazon.in/Harry-Potter-Philosophers-Stone-Rowling/dp/1408855658
AMAZON,https://www.amazon.in/Harry-Potter-Chamber-Secrets/dp/1408855666